{"map_info":  {"height": 120.78166595808555, "width": 169.5590684123373}}