{"map_info": {"height": 181.78497659221043, "width": 228.03544050063977}}