{"map_info": {"height": 191.46955335186382, "width": 280.8360899179133}}